box_id,month,title,subtitle,note
1,August,Executive Summary,,"Facebook Ads:
ใช้งบประมาณรวม 29,995.94 บาท สร้างยอด Lead ได้ถึง 147 Leads จากแคมเปญ Lead Generation (ใช้งบ 19,995.94 บาท) ส่งผลให้ต้นทุนต่อ Lead (CPA) อยู่ในระดับต่ำมากที่เฉลี่ย 136 บาท/Lead นอกจากนี้แคมเปญ Awareness ยังช่วยสร้างการรับรู้ (Reach) ได้มากกว่า 7.5 แสนคน

Google Ads :
ใช้งบประมาณไป 13,694.3 บาท ได้มาเพียง 10 Leads ทำให้มีต้นทุนเฉลี่ยสูงถึง 1,369 บาท/Lead โดยแคมเปญ Search ทำผลงานได้ดีกว่า (8 Leads) เมื่อเทียบกับ Performance Max (2 Leads)"
2,August,Key Issue & Suggestion,,"Key Issue
- ข้อกังวลด้านความเชื่อมั่นและความปลอดภัยของข้อมูลที่กรอก
- โฆษณาถูกจำกัดการมองเห็น (Ad Visibility Constraints) เนื่องจากติดเงื่อนไขการยืนยันตัวตนสำหรับผลิตภัณฑ์ทางการเงิน
- ปริมาณข้อมูลที่รวบรวมได้ในช่วงLearning Phase ยังมีไม่เพียงพอ ซึ่งอาจส่งผลให้ความแม่นยำในการคัดกรองกลุ่มเป้าหมายคุณภาพสูง (Highly Qualified Leads)

Suggestion & Next Step
- เน้นการทำแคมเปญผ่าน Facebook เป็นช่องทางหลัก ในระหว่างการพัฒนา Landing Page
- หยุดรัน Google Ads ไว้ชั่วคราวระหว่างที่กำลังพัฒนา Landing Page
- ตรวจสอบคุณภาพของ Leads เพื่อปรับกลุ่มเป้าหมาย และ Exclude กลุ่มที่เป็น Unqualified Leads
- เพิ่ม Creative ที่เป็น Video เพื่อการสื่อสารที่หลากหลาย"
